course_id,course_name,instructor_name,instructor_email,classroom,capacity,day,start_time,end_time,enrolled_students,utilization_percent
1,Expanded web-enabled core,Heather Molina,mpayne@example.org,B-710,46,Wednesday,15:00,19:00,418,908.7%
2,Cross-group tertiary algorithm,Susan Brown,margarethernandez@example.org,B-710,46,Thursday,13:00,17:00,402,873.9%
3,Synergized secondary throughput,Craig Haynes,wprince@example.org,B-710,46,Tuesday,15:00,17:00,404,878.3%
4,Object-based impactful groupware,Ryan Peters,lallen@example.com,B-710,46,Thursday,10:00,13:00,415,902.2%
5,Visionary leadingedge alliance,Bruce Steele,thompsonpatrick@example.org,B-710,46,Friday,11:00,15:00,416,904.3%
6,Programmable secondary pricing structure,Alicia Rivera,stephanie06@example.org,B-710,46,Monday,11:00,15:00,450,978.3%
7,Cross-platform national adapter,Susan Brown,margarethernandez@example.org,B-710,46,Wednesday,08:00,19:00,445,967.4%
8,Organized background forecast,Eric Lee,heathdavid@example.com,B-710,46,Monday,15:00,18:00,377,819.6%
9,De-engineered optimizing complexity,Marc Bryant,fhampton@example.net,B-710,46,Friday,08:00,12:00,411,893.5%
10,Diverse zero-defect protocol,Alexis Brooks,fsmith@example.com,B-710,46,Thursday,08:00,18:00,402,873.9%
11,Business-focused executive encryption,James Walton,gjackson@example.com,B-710,46,Friday,08:00,11:00,403,876.1%
12,Focused leadingedge task-force,Maureen Gardner,abest@example.com,B-710,46,Thursday,16:00,18:00,415,902.2%
13,Secured secondary Graphical User Interface,Mary Jordan,justinallen@example.org,B-710,46,Monday,09:00,14:00,376,817.4%
14,Function-based multimedia pricing structure,Heather Molina,mpayne@example.org,B-710,46,Tuesday,15:00,19:00,405,880.4%
15,Adaptive foreground protocol,Michael Kelly,vle@example.net,B-710,46,Tuesday,10:00,18:00,405,880.4%
16,De-engineered systematic pricing structure,Kyle Montoya,jennifer25@example.org,B-710,46,Thursday,12:00,18:00,457,993.5%
17,Pre-emptive methodical superstructure,Cynthia Miller,davisjessica@example.org,B-710,46,Thursday,15:00,19:00,412,895.7%
18,Re-contextualized web-enabled process improvement,Danielle Ponce,franklinchristopher@example.com,B-710,46,Monday,10:00,17:00,392,852.2%
19,User-centric maximized firmware,Jerry Lee,ytodd@example.com,B-710,46,Wednesday,13:00,17:00,430,934.8%
20,Mandatory impactful artificial intelligence,James Walton,gjackson@example.com,B-710,46,Tuesday,12:00,18:00,402,873.9%
21,Advanced maximized productivity,Cynthia Ray,seanboyd@example.com,B-710,46,Monday,09:00,13:00,395,858.7%
22,User-friendly global neural-net,Jerry Lee,ytodd@example.com,B-710,46,Thursday,10:00,17:00,450,978.3%
